{
  "paper_0": {
    "paper_name": "paper_0",
    "pages": 2,
    "labels": {
      "Text": {
        "precision": 1.0,
        "recall": 0.9583333333333333,
        "f1": 0.9782608695652174,
        "total_gt": 22,
        "matched": 21,
        "norm_edit_similarity_avg": 0.8807782930682363
      },
      "Image": {
        "precision": 0.5,
        "recall": 1.0,
        "f1": 0.6666666666666666,
        "total_gt": 1,
        "matched": 1
      }
    }
  }
}